epoch,loss,time_s
1,249614.6796875,0.6015172004699707
2,220995.74244791668,0.6728947162628174
3,195966.97083333333,0.5048301219940186
4,173672.76041666666,0.5316081047058105
5,154125.84401041668,0.5635116100311279
6,136720.32369791667,0.6159324645996094
7,121167.535546875,0.47919344902038574
8,107380.032421875,0.44667863845825195
9,95273.06223958333,0.7462058067321777
10,84454.94986979167,0.4442329406738281
11,74975.40807291666,0.5963461399078369
12,66448.08626302083,0.5309193134307861
13,58956.972330729164,0.5756261348724365
14,52254.645182291664,0.5680317878723145
15,46377.84869791667,0.5049538612365723
16,41106.838606770834,0.5349087715148926
17,36471.72998046875,0.735100507736206
18,32355.21279296875,0.5906293392181396
19,28695.63525390625,0.6294240951538086
20,25452.226627604166,0.5331423282623291
21,22596.324609375,0.5956740379333496
22,20049.326204427085,0.5276570320129395
23,17784.63800455729,0.5412955284118652
24,15779.891536458334,0.748389482498169
25,14008.133365885416,0.5807867050170898
26,12420.944807942707,0.5558886528015137
27,11042.996207682292,0.4942145347595215
28,9795.106477864583,0.590796947479248
29,8688.510856119792,0.6327400207519531
30,7723.962329101562,0.580103874206543
31,6852.533471679688,0.7770340442657471
32,6095.974763997396,0.552518367767334
33,5415.667163085937,0.558469295501709
34,4810.855257161458,0.6117198467254639
35,4277.373958333334,0.5524518489837646
36,3799.645930989583,0.5080509185791016
37,3381.0899332682293,0.5396051406860352
38,3013.948250325521,0.7553887367248535
39,2683.962569173177,0.561622142791748
40,2392.2053751627604,0.5534543991088867
41,2131.065364583333,0.5303215980529785
42,1899.693778483073,0.5875599384307861
43,1695.7385416666666,0.6134099960327148
44,1514.7182983398438,0.5761644840240479
45,1353.8858947753906,0.7576525211334229
46,1213.014784749349,0.5288889408111572
47,1086.8045115152995,0.504159688949585
48,974.9938690185547,0.5956995487213135
49,875.5047108968099,0.6258180141448975
50,788.8487335205078,0.5659818649291992
51,710.5458363850911,0.5793807506561279
52,641.1778086344401,0.7205367088317871
53,578.7646408081055,0.511723518371582
54,524.8455993652344,0.5351359844207764
55,476.6773152669271,0.6408393383026123
56,433.96958821614584,0.525341272354126
57,396.5812632242839,0.5377635955810547
58,362.7859130859375,0.5698394775390625
59,333.4137598673503,0.818472146987915
60,307.1961135864258,0.561586856842041
61,282.8781354268392,0.5402164459228516
62,262.30166753133136,0.5663180351257324
63,243.91625900268554,0.5076138973236084
64,227.83018137613934,0.5310101509094238
65,213.29403991699218,0.6439332962036133
66,200.43893559773764,0.6786682605743408
67,188.74696782430013,0.4594004154205322
68,179.01788482666015,0.5921146869659424
69,169.9694341023763,0.6130948066711426
70,161.93974685668945,0.5779850482940674
71,154.79890937805175,0.5667293071746826
72,148.56130180358886,0.546515703201294
73,143.2610169728597,0.6974806785583496
74,138.27692642211915,0.5338253974914551
75,134.086079788208,0.5564002990722656
76,130.060777537028,0.5909068584442139
77,126.68180351257324,0.48389434814453125
78,123.64763946533203,0.5274162292480469
79,121.12475573221842,0.5589599609375
80,118.63878110249837,0.7787659168243408
81,116.55540415445964,0.5495710372924805
82,114.5268009185791,0.5735430717468262
83,113.02890408833822,0.5354945659637451
84,111.48444035847982,0.4913461208343506
85,109.88640276590984,0.4714620113372803
86,108.9910171508789,0.5752778053283691
87,108.0392463684082,0.6638972759246826
88,107.18503481547037,0.5072340965270996
89,106.26528879801432,0.5082135200500488
90,105.37974751790365,0.5506365299224854
91,104.89192695617676,0.44683313369750977
92,104.38305168151855,0.44359278678894043
93,103.90192642211915,0.4617500305175781
94,103.2327980041504,0.5796184539794922
95,102.91559448242188,0.4535553455352783
96,102.61906153361002,0.4719235897064209
97,102.39672762552897,0.4001474380493164
98,102.0766815185547,0.4111645221710205
99,101.67726961771648,0.4642214775085449
100,101.5294199625651,0.5266067981719971
101,101.41945419311523,0.7707102298736572
102,101.11608950297038,0.7063407897949219
103,100.99268913269043,0.5109963417053223
104,101.10227915445964,0.3981046676635742
105,100.93087310791016,0.6036376953125
106,100.72466532389323,0.6298861503601074
107,100.62171936035156,0.4102754592895508
108,100.37066396077473,0.327106237411499
109,100.56814448038737,0.2723813056945801
110,100.57350959777833,0.590015172958374
111,100.42464561462403,0.37941670417785645
112,100.19875920613607,0.4329051971435547
113,100.33162282307943,0.5820283889770508
114,100.3576057434082,0.4375739097595215
115,100.32693506876628,0.46419787406921387
116,100.02911707560222,0.35424280166625977
117,100.30936711629232,0.5939538478851318
118,100.04481379191081,0.6931478977203369
119,99.87399965922037,0.6152999401092529
120,100.07174758911133,0.5625784397125244
121,100.01684697469075,0.6757698059082031
122,100.07973365783691,0.8239126205444336
123,100.04109789530436,0.5234465599060059
124,100.16858558654785,0.4930739402770996
125,100.0724983215332,0.7242066860198975
126,99.9927261352539,0.6719965934753418
127,99.87257016499838,0.5837216377258301
128,100.04210001627604,0.6487939357757568
129,99.83674481709798,0.7039210796356201
130,100.0522528330485,0.5859465599060059
131,100.29831759134929,0.6420152187347412
132,100.00343742370606,0.5735118389129639
133,99.88810526529947,0.504603385925293
134,100.02834854125976,0.6191146373748779
135,99.9898001352946,0.7424905300140381
136,99.99029452006022,0.8337502479553223
137,99.93075434366862,0.5184564590454102
138,99.86267522176107,0.4466061592102051
139,99.9185676574707,0.46364402770996094
140,99.98162727355957,0.4793233871459961
141,99.83433748881022,0.5685703754425049
142,99.96909141540527,0.5382685661315918
143,99.82025515238443,0.5922515392303467
144,99.823508199056,0.4210951328277588
145,99.9892364501953,0.4276387691497803
146,99.80993359883627,0.6079294681549072
147,99.99508260091146,0.6034977436065674
148,99.68260841369629,0.6094989776611328
149,100.24011294047038,0.6001088619232178
150,100.08431536356608,0.6549859046936035
151,99.8853328704834,0.6600868701934814
152,99.89261347452799,0.5025355815887451
153,99.84865913391113,0.4521675109863281
154,99.8910036722819,0.5640227794647217
155,100.1096876780192,0.6205441951751709
156,99.76474800109864,0.6304445266723633
157,99.86540616353354,0.7105374336242676
158,99.85870933532715,0.44295835494995117
159,99.88924179077148,0.5818195343017578
160,99.87546068827311,0.6018791198730469
161,99.78287391662597,0.6022472381591797
162,99.83729260762533,0.5643985271453857
163,99.94270668029785,0.5951583385467529
164,100.03371696472168,0.7429811954498291
165,99.90716565450033,0.5566146373748779
166,99.76575864156088,0.513918399810791
167,100.15376612345378,0.608252763748169
168,99.84451243082682,0.49834299087524414
169,99.88144200642904,0.34654664993286133
170,99.91927986145019,0.6064727306365967
171,100.0816650390625,0.7157506942749023
172,99.79177258809408,0.4918062686920166
173,100.03955561319987,0.6173937320709229
174,99.97090924580893,0.5256884098052979
175,99.89707743326822,0.5513894557952881
176,99.88894119262696,0.575941801071167
177,100.08146514892579,0.5889372825622559
178,100.09295883178712,0.7502610683441162
179,99.83313128153483,0.46994805335998535
180,99.8747501373291,0.628648042678833
181,99.87014122009278,0.5827779769897461
182,99.86176910400391,0.5333137512207031
183,99.9155340830485,0.630415678024292
184,100.13043174743652,0.600203275680542
185,99.91208508809407,0.5590224266052246
186,99.95232200622559,0.4362452030181885
187,99.95823504130045,0.7090106010437012
188,99.96780802408854,0.6460187435150146
189,99.91596501668295,0.5553121566772461
190,99.83229001363118,0.6390938758850098
191,99.83442738850911,0.5048785209655762
192,100.01980641682943,0.7460200786590576
193,99.912708791097,0.5443978309631348
194,99.83072382609049,0.5970380306243896
195,99.93619257609049,0.5609316825866699
196,99.77972717285157,0.5534617900848389
197,99.9699946085612,0.5136458873748779
198,99.87624969482422,0.5780894756317139
199,99.98087577819824,0.7656946182250977
200,99.78806025187174,0.616802453994751
201,99.71182454427084,0.5440609455108643
202,99.84165166219076,0.5012168884277344
203,100.15593274434407,0.46570587158203125
204,99.91092211405436,0.6173398494720459
205,100.04135665893554,0.40770626068115234
206,99.86246579488119,0.633599042892456
207,99.92700932820638,0.43186116218566895
208,99.92307268778482,0.6304476261138916
209,99.82010154724121,0.539898157119751
210,99.99406814575195,0.23120427131652832
211,99.91703898111979,0.26221156120300293
212,99.88014628092448,0.3190932273864746
213,99.9108102162679,0.7792825698852539
214,99.95265630086263,0.5050499439239502
215,99.93729743957519,0.5092597007751465
216,99.9209805806478,0.47078537940979004
217,99.95959103902182,0.6037559509277344
218,99.9211488087972,0.6189885139465332
219,99.7914042154948,0.45183444023132324
220,99.8598238627116,0.8157989978790283
221,99.93191502888997,0.5254518985748291
222,99.98597564697266,0.5393166542053223
223,99.72362454732259,0.6039588451385498
224,99.9585631052653,0.5216574668884277
225,99.9337786356608,0.5740113258361816
226,99.91128997802734,0.5636515617370605
227,99.91834526062011,0.7556755542755127
228,99.83039258321126,0.4748823642730713
229,100.13600781758626,0.5320184230804443
230,99.8708376566569,0.6700704097747803
231,99.94604161580403,0.5408775806427002
232,100.04670333862305,0.4760701656341553
233,99.92052663167318,0.5176050662994385
234,100.02084821065267,0.6310880184173584
235,99.87990976969401,0.5033502578735352
236,99.83846588134766,0.47945618629455566
237,99.85425504048665,0.3982810974121094
238,99.79095306396485,0.5239245891571045
239,99.89962768554688,0.45433688163757324
240,99.78199208577475,0.5358455181121826
241,99.88896789550782,0.6911642551422119
242,99.89334081013997,0.598400354385376
243,99.8305185953776,0.5394589900970459
244,99.9467648824056,0.5501809120178223
245,100.06457163492838,0.6147749423980713
246,99.83743909200032,0.42035627365112305
247,99.97582168579102,0.5097305774688721
248,99.83264401753743,0.7520344257354736
249,99.99477678934733,0.5805866718292236
250,100.01440073649088,0.5083599090576172
251,100.21381861368815,0.5619494915008545
252,99.90628662109376,0.6240334510803223
253,99.87885462443033,0.5767543315887451
254,99.84515482584635,0.5864443778991699
255,99.99290021260579,0.7021291255950928
256,99.80506083170573,0.6098024845123291
257,100.09736200968425,0.5624136924743652
258,100.04310162862141,0.5825567245483398
259,99.84431546529134,0.5753517150878906
260,100.1155901590983,0.5549933910369873
261,99.81186256408691,0.4824185371398926
262,99.90068155924479,0.747661828994751
263,99.94771359761556,0.5573709011077881
264,99.81904373168945,0.5482640266418457
265,99.93706347147624,0.5194911956787109
266,99.9892573038737,0.6317508220672607
267,99.83128382364909,0.5590925216674805
268,99.8836057027181,0.6508491039276123
269,99.99931551615397,0.7252001762390137
270,99.79908930460611,0.4051358699798584
271,99.78921483357747,0.5573217868804932
272,100.04841957092285,0.6969254016876221
273,99.90905736287435,0.6092319488525391
274,99.83049176534017,0.5467064380645752
275,99.82754936218262,0.5588023662567139
276,99.8804807027181,0.8046746253967285
277,99.78219401041666,0.5002737045288086
278,99.89879239400229,0.5661361217498779
279,100.05777435302734,0.4964768886566162
280,99.90028127034505,0.5854284763336182
281,99.912398147583,0.5214736461639404
282,99.9289535522461,0.6011109352111816
283,99.70474713643392,0.5538561344146729
284,100.08266207377116,0.16755247116088867
285,99.93341026306152,0.1726243495941162
286,100.25590222676595,0.1659250259399414
287,99.98305257161458,0.16599607467651367
288,100.01065533955892,0.18510079383850098
289,99.85039367675782,0.1909036636352539
290,100.11912371317545,0.2747061252593994
291,99.79839782714843,0.16420793533325195
292,100.01077206929524,0.16506743431091309
293,99.83941218058268,0.16567087173461914
294,99.79605979919434,0.16881942749023438
295,99.78844299316407,0.1624138355255127
296,99.84493548075358,0.20172715187072754
297,99.9413906097412,0.3497457504272461
298,99.79140637715658,0.26501941680908203
299,100.21607348124186,0.2731132507324219
300,100.05356725056966,0.3541102409362793
301,100.02522506713868,0.4266057014465332
302,99.95552024841308,0.375333309173584
303,99.77259165445963,0.37230777740478516
304,99.99229838053385,0.4911167621612549
305,99.838250096639,0.18257379531860352
306,99.92436650594075,0.1703662872314453
307,99.96799914042155,0.1688709259033203
308,99.84088389078777,0.31478095054626465
309,99.9566588083903,0.23981285095214844
310,99.92211710611979,0.2911818027496338
311,100.02405611673991,0.3176720142364502
312,99.97369219462077,0.407512903213501
313,99.91947517395019,0.2996797561645508
314,99.79559580485027,0.29564690589904785
315,99.87964897155761,0.27968764305114746
316,99.97479985555013,0.32094836235046387
317,99.70507049560547,0.3561074733734131
318,100.034929784139,0.4793407917022705
319,99.84340057373046,0.42556285858154297
320,99.8134262084961,0.32674312591552734
321,99.92165018717448,0.3703904151916504
322,99.81902033487955,0.3099796772003174
323,100.00382334391276,0.3616306781768799
324,99.98944244384765,0.2401440143585205
325,99.95336583455403,0.44713759422302246
326,99.9515438079834,0.28299951553344727
327,100.03539721171062,0.3437831401824951
328,99.96189002990722,0.27491021156311035
329,99.71316095987956,0.34440112113952637
330,99.86687075297037,0.26686525344848633
331,99.84819564819335,0.316117525100708
332,100.04290555318197,0.5028419494628906
333,99.87927004496257,0.3163321018218994
334,99.83269920349122,0.2240123748779297
335,99.86155815124512,0.21234536170959473
336,99.71555557250977,0.2987334728240967
337,100.17238960266113,0.29235267639160156
338,99.97206942240398,0.3737607002258301
339,100.00766614278157,0.37840747833251953
340,99.67236035664877,0.4445490837097168
341,100.02220611572265,0.4795522689819336
342,99.92618789672852,0.45802927017211914
343,99.7932746887207,0.27896714210510254
344,99.84097061157226,0.2707397937774658
345,99.83686434427896,0.20848441123962402
346,99.92613118489584,0.3936035633087158
347,99.81186396280924,0.3007206916809082
348,99.8178316752116,0.1933743953704834
349,99.94476267496745,0.2691230773925781
350,99.86153615315756,0.3399538993835449
351,99.92670211791992,0.24577856063842773
352,99.75430196126302,0.31859302520751953
353,99.91893984476725,0.4999392032623291
354,99.91504910786946,0.2950890064239502
355,99.7747969309489,0.2609403133392334
356,99.98336270650228,0.18999695777893066
357,99.9094009399414,0.3021564483642578
358,99.98442471822104,0.2698233127593994
359,99.87156969706217,0.29131364822387695
360,99.9831039428711,0.4366929531097412
361,99.89866752624512,0.36478352546691895
362,99.85088081359864,0.3508620262145996
363,100.02803484598796,0.21464252471923828
364,99.84029858907064,0.2370154857635498
365,99.90362167358398,0.2875039577484131
366,100.05300305684408,0.516106367111206
367,99.9741439819336,0.39622974395751953
368,100.09811642964681,0.3088865280151367
369,99.83158938090007,0.2588798999786377
370,99.88257942199706,0.2139110565185547
371,99.86738039652506,0.20697879791259766
372,99.93473396301269,0.203460693359375
373,100.05649286905924,0.19179463386535645
374,100.11895192464193,0.5473527908325195
375,99.83094914754231,0.3583250045776367
376,99.99950370788574,0.2729811668395996
377,99.81758817036946,0.25176048278808594
378,100.08202616373698,0.19329595565795898
379,100.08980331420898,0.18719959259033203
380,99.75888430277506,0.2211301326751709
381,99.75740381876628,0.36136412620544434
382,99.7782761891683,0.29950809478759766
383,100.10836181640624,0.28479623794555664
384,99.95471534729003,0.3341686725616455
385,99.91045036315919,0.18720769882202148
386,99.81703262329101,0.2756998538970947
387,99.72129287719727,0.4071221351623535
388,99.79910151163737,0.3462696075439453
389,99.96112594604492,0.36118650436401367
390,99.96680704752605,0.32479095458984375
391,99.83907076517741,0.2123117446899414
392,99.84658126831054,0.19403791427612305
393,99.92711817423502,0.3342733383178711
394,99.87889366149902,0.24121737480163574
395,99.89446703592937,0.342501163482666
396,99.8351328531901,0.32506394386291504
397,99.90518163045247,0.18354582786560059
398,100.02714780171712,0.1863858699798584
399,99.79825871785482,0.3106424808502197
400,99.96446978251139,0.21470904350280762
401,99.78691279093424,0.22643685340881348
402,100.00572268168132,0.42577528953552246
403,99.86467157999674,0.2905893325805664
404,99.9160218556722,0.31667637825012207
405,99.94889602661132,0.34141969680786133
406,100.02191174825033,0.21957707405090332
407,99.9956418355306,0.24991202354431152
408,99.94877421061197,0.2533421516418457
409,99.93819389343261,0.51188063621521
410,100.0234764099121,0.28775763511657715
411,99.81985486348471,0.2633547782897949
412,99.93482335408528,0.2070937156677246
413,99.97221425374349,0.18884563446044922
414,99.87249972025553,0.25106287002563477
415,99.90904553731282,0.28550243377685547
416,99.8498488108317,0.38907480239868164
417,99.87732315063477,0.3251478672027588
418,99.9218371073405,0.5190620422363281
419,99.90501098632812,0.43234872817993164
420,99.76869672139486,0.17620420455932617
421,99.94329274495443,0.189131498336792
422,99.8873509724935,0.22343158721923828
423,99.98960431416829,0.496920108795166
424,99.67768936157226,0.40221595764160156
425,99.91587677001954,0.2545156478881836
426,99.83568471272787,0.30469226837158203
427,99.66405398050944,0.24996519088745117
428,100.01656405131023,0.23460125923156738
429,100.00431798299154,0.3277451992034912
430,99.94164721171062,0.5347836017608643
431,99.77724634806314,0.2754323482513428
432,99.98725713094076,0.30367231369018555
433,99.88968365987142,0.24112939834594727
434,99.95191129048665,0.26497507095336914
435,100.00422655741373,0.3631560802459717
436,99.91938463846843,0.2469937801361084
437,99.80544255574544,0.4922149181365967
438,99.9233523050944,0.36936426162719727
439,99.9428311665853,0.21527647972106934
440,99.76187222798666,0.21906280517578125
441,100.06676470438639,0.22003483772277832
442,99.67581164042154,0.21462655067443848
443,100.00051027933756,0.4189565181732178
444,99.86295458475749,0.44149327278137207
445,99.91946385701497,0.3541605472564697
446,99.9181037902832,0.2601318359375
447,99.9325730641683,0.23821806907653809
448,99.90243975321452,0.23978209495544434
449,100.05947685241699,0.33405542373657227
450,100.1377665201823,0.31284618377685547
451,99.88869171142578,0.5286858081817627
452,99.93386294047038,0.38843560218811035
453,99.68625907897949,0.2581338882446289
454,99.93716430664062,0.3701620101928711
455,99.83759905497233,0.333465576171875
456,99.89626502990723,0.2771182060241699
457,99.96448669433593,0.29835033416748047
458,99.89463577270507,0.37967443466186523
459,100.0103037516276,0.26931047439575195
460,99.91364771525065,0.35207414627075195
461,99.94175720214844,0.2542428970336914
462,99.79669100443522,0.30834126472473145
463,99.91007664998372,0.25563645362854004
464,99.70572204589844,0.4099009037017822
465,100.09035873413086,0.5206665992736816
466,99.98777554829915,0.2597503662109375
467,99.89208285013835,0.3047020435333252
468,99.89573885599772,0.37610483169555664
469,99.91280886332194,0.29009056091308594
470,99.79752197265626,0.22266507148742676
471,99.87590179443359,0.3508334159851074
472,99.9389197031657,0.45331716537475586
473,99.9313304901123,0.3336048126220703
474,99.91005833943684,0.2953958511352539
475,99.82932840983072,0.3237950801849365
476,99.98815612792968,0.3433239459991455
477,100.07054786682129,0.28156399726867676
478,99.7570681254069,0.22905349731445312
479,99.8658494313558,0.36055946350097656
480,99.80003522237142,0.21906328201293945
481,99.73664703369141,0.2744762897491455
482,100.01796518961588,0.3606259822845459
483,99.8437494913737,0.26040053367614746
484,99.98387769063314,0.2840611934661865
485,99.92931734720865,0.21922945976257324
486,99.8028507232666,0.4761068820953369
487,99.93018112182617,0.3533816337585449
488,99.96807912190755,0.40478062629699707
489,99.942400487264,0.3431546688079834
490,99.99742940266927,0.3010263442993164
491,100.00428161621093,0.33941197395324707
492,99.82322362263997,0.2760350704193115
493,100.0554012298584,0.4831228256225586
494,99.90499560038249,0.3914341926574707
495,100.13744710286458,0.36888861656188965
496,100.02138633728028,0.2728579044342041
497,99.87802009582519,0.39936208724975586
498,99.8206069946289,0.35367894172668457
499,99.96355667114258,0.24599647521972656
500,99.84234364827473,0.4232940673828125
501,99.95164655049642,0.35241150856018066
502,99.92719599405925,0.40305066108703613
503,99.96237309773763,0.3943488597869873
504,99.88237126668294,0.3627054691314697
505,99.92075856526692,0.33946752548217773
506,100.11197853088379,0.2898707389831543
507,99.81431185404459,0.43118953704833984
508,100.15864855448405,0.37534570693969727
509,99.87965507507325,0.29662346839904785
510,100.07742741902669,0.3255634307861328
511,99.92323125203451,0.31659960746765137
512,99.95010808308919,0.42322564125061035
513,99.82154273986816,0.31275415420532227
514,100.04581336975097,0.4277455806732178
515,99.8251439412435,0.3581383228302002
516,99.97223510742188,0.2400052547454834
517,100.02059453328451,0.26796913146972656
518,100.05116284688314,0.2719695568084717
519,100.22052294413248,0.28637266159057617
520,99.77559865315756,0.26418352127075195
521,99.86971041361491,0.46576929092407227
522,99.99738960266113,0.30129504203796387
523,99.75005442301432,0.39978814125061035
524,99.96594594319662,0.41151857376098633
525,99.87024765014648,0.2596712112426758
526,99.89161783854166,0.24082159996032715
527,100.16033566792807,0.22419977188110352
528,99.87841885884603,0.49325060844421387
529,99.81191495259603,0.32695984840393066
530,99.96560605367024,0.3146986961364746
531,99.96879323323567,0.3252909183502197
532,99.89299163818359,0.26516056060791016
533,99.88686103820801,0.30098938941955566
534,99.97611948649089,0.31778669357299805
535,99.8333563486735,0.5390534400939941
536,99.72291310628255,0.21981406211853027
537,99.91433448791504,0.22996044158935547
538,99.85409545898438,0.4535057544708252
539,100.13875020345053,0.5162932872772217
540,99.87497889200846,0.3054509162902832
541,100.22552261352538,0.20946431159973145
542,99.86350644429525,0.43213748931884766
543,99.71036643981934,0.3371129035949707
544,99.79510981241862,0.32889509201049805
545,99.91787757873536,0.3824152946472168
546,99.87024625142415,0.35918092727661133
547,100.07284876505534,0.3309326171875
548,99.6466136932373,0.3118014335632324
549,99.88374252319336,0.4539055824279785
550,99.84470532735189,0.3679211139678955
551,100.0309289296468,0.42327427864074707
552,99.88751703898112,0.3006412982940674
553,99.90803209940593,0.35752034187316895
554,99.86118621826172,0.37366247177124023
555,100.03701705932617,0.3824443817138672
556,99.96635157267252,0.5417754650115967
557,99.771222559611,0.377640962600708
558,99.89822184244791,0.23801183700561523
559,99.94838905334473,0.415332555770874
560,100.00585021972657,0.29541850090026855
561,99.99007886250814,0.46945738792419434
562,100.02740249633788,0.3828549385070801
563,100.04746220906576,0.5795395374298096
564,99.98578542073568,0.406156063079834
565,100.07325299580891,0.37172770500183105
566,99.983478418986,0.44806981086730957
567,100.01845372517904,0.28784751892089844
568,99.99371287027995,0.2932016849517822
569,99.89083239237468,0.3610074520111084
570,99.77891159057617,0.4165003299713135
571,99.92953783671061,0.4201195240020752
572,99.99253094991049,0.3172118663787842
573,99.97124582926432,0.2618067264556885
574,99.93041636149088,0.2553274631500244
575,99.8366242726644,0.2614784240722656
576,100.06348393758138,0.22441720962524414
577,99.97007751464844,0.34376072883605957
578,99.85328483581543,0.4041907787322998
579,99.93496602376302,0.34516429901123047
580,99.90635452270507,0.25180935859680176
581,99.77335713704427,0.30190229415893555
582,99.89408988952637,0.32773804664611816
583,100.08027356465658,0.3072845935821533
584,99.83232638041179,0.4651343822479248
585,100.01852353413899,0.3253636360168457
586,99.9509989420573,0.29537105560302734
587,100.04001490275066,0.39046669006347656
588,99.76246350606283,0.29714012145996094
589,99.8205514272054,0.2921738624572754
590,99.90818201700846,0.3253650665283203
591,100.08994700113932,0.45114707946777344
592,99.83204002380371,0.29578566551208496
593,99.81146329243978,0.2828536033630371
594,99.70041262308756,0.23996925354003906
595,99.87212346394857,0.2584803104400635
596,99.98361790974936,0.26514172554016113
597,99.78641967773437,0.46234703063964844
598,99.98647893269857,0.5810954570770264
599,100.04454790751139,0.33520960807800293
600,99.87437273661295,0.2620820999145508
601,99.98897260030111,0.22999000549316406
602,99.9230229695638,0.4237034320831299
603,100.01059811909994,0.3435676097869873
604,100.04219652811686,0.21764564514160156
605,99.77806154886882,0.4892585277557373
606,99.98462778727213,0.32436609268188477
607,99.93677965799968,0.27701592445373535
608,99.9178290049235,0.42209911346435547
609,99.82763913472493,0.31302618980407715
610,99.94272651672364,0.3040790557861328
611,100.13207944234212,0.3338754177093506
612,100.04212532043456,0.3703188896179199
613,99.9263355255127,0.28394055366516113
614,99.80195045471191,0.4467191696166992
615,99.92596054077148,0.37555885314941406
616,99.87114270528157,0.28704833984375
617,99.9226089477539,0.4287111759185791
618,99.82348645528158,0.37492966651916504
619,100.02258097330729,0.5832369327545166
620,100.16334406534831,0.3789021968841553
621,99.80987536112467,0.35378503799438477
622,99.87361717224121,0.29959654808044434
623,99.74177424112956,0.28325390815734863
624,99.87903493245443,0.36959290504455566
625,99.90095723470053,0.4697701930999756
626,99.88694763183594,0.3733847141265869
627,99.9183842976888,0.29500269889831543
628,99.92665990193684,0.39334559440612793
629,99.86618461608887,0.34693408012390137
630,99.81439590454102,0.49236464500427246
631,99.94210370381673,0.3724548816680908
632,99.95120290120443,0.2825310230255127
633,100.05142809549967,0.45322299003601074
634,99.92907168070475,0.23469996452331543
635,99.82490692138671,0.4170234203338623
636,99.99471651713053,0.4178600311279297
637,100.01082204182943,0.30234742164611816
638,99.91369667053223,0.2442026138305664
639,99.95709457397462,0.2637956142425537
640,99.97527847290038,0.4448537826538086
641,99.90583826700846,0.5660159587860107
642,99.84887046813965,0.3406546115875244
643,100.04768778483073,0.3686635494232178
644,100.00174992879232,0.3451659679412842
645,99.89929758707682,0.3733963966369629
646,99.77439282735189,0.4497089385986328
647,99.85160051981607,0.5536794662475586
648,99.86494801839193,0.26936841011047363
649,99.92288182576497,0.38362741470336914
650,99.94447250366211,0.2948298454284668
651,100.00664189656575,0.3424203395843506
652,100.00261866251627,0.4683964252471924
653,99.9610439300537,0.3017611503601074
654,99.76821479797363,0.5212366580963135
655,99.93581415812174,0.3149116039276123
656,100.10315704345703,0.3681046962738037
657,100.18186047871907,0.5026428699493408
658,99.76324666341146,0.3539154529571533
659,99.79786046346028,0.3839254379272461
660,99.89678675333658,0.346468448638916
661,100.06370658874512,0.48461008071899414
662,99.9553409576416,0.39043211936950684
663,99.82089742024739,0.25521254539489746
664,99.89068145751953,0.3142271041870117
665,99.86617965698242,0.26732778549194336
666,100.03989372253417,0.2788422107696533
667,100.17903073628743,0.3628499507904053
668,99.83616320292155,0.7032859325408936
669,99.89249471028646,0.3197634220123291
670,100.03695119222006,0.374159574508667
671,99.82583109537761,0.33068299293518066
672,99.85360832214356,0.4783332347869873
673,99.90440788269044,0.4628570079803467
674,99.89656168619791,0.3766326904296875
675,99.88579241434734,0.38529014587402344
676,99.9154109954834,0.34979677200317383
677,99.87149950663249,0.5353810787200928
678,99.97787233988444,0.4080359935760498
679,99.99036725362141,0.3538672924041748
680,99.94509747823079,0.311032772064209
681,99.89321505228678,0.35299110412597656
682,99.96822598775228,0.56101393699646
683,100.01140569051107,0.4388151168823242
684,99.7082566579183,0.3917415142059326
685,100.03350028991699,0.2559781074523926
686,99.81446253458658,0.30251526832580566
687,99.83969306945801,0.32919788360595703
688,99.93071632385254,0.48671507835388184
689,99.76097666422525,0.45717835426330566
690,99.98021125793457,0.40035367012023926
691,99.90492655436198,0.4050116539001465
692,99.89086303710937,0.331484317779541
693,99.87880516052246,0.5311198234558105
694,99.89946695963542,0.2666168212890625
695,99.97627716064453,0.4598236083984375
696,100.0281883239746,0.4501190185546875
697,99.91395975748698,0.3388247489929199
698,99.8575668334961,0.40156102180480957
699,99.94264755249023,0.3850889205932617
700,100.07599614461263,0.37158918380737305
701,100.05398038228353,0.32523632049560547
702,99.83879585266114,0.34929537773132324
703,99.88696047465007,0.7444798946380615
704,100.02429682413737,0.2843198776245117
705,99.94478937784831,0.25014710426330566
706,99.75051676432291,0.4234292507171631
707,99.99485232035319,0.3155965805053711
708,99.93439407348633,0.6111624240875244
709,99.80385157267253,0.40956950187683105
710,99.7057549794515,0.5387454032897949
711,99.97594350179037,0.30957841873168945
712,99.8763303120931,0.38873887062072754
713,99.93861783345541,0.4801497459411621
714,99.84341036478678,0.34827327728271484
715,99.79289957682292,0.2849094867706299
716,99.92277793884277,0.2319169044494629
717,100.1259703318278,0.35768628120422363
718,99.90753555297852,0.5121603012084961
719,99.91043446858724,0.34073376655578613
720,99.91315841674805,0.3419773578643799
721,99.997900390625,0.34598708152770996
722,100.14934018452962,0.2694571018218994
723,99.94759724934896,0.2501521110534668
724,99.89358342488607,0.5021142959594727
725,99.84760818481445,0.37411952018737793
726,99.9095095316569,0.357837438583374
727,100.20655237833658,0.3801388740539551
728,99.78959007263184,0.30248451232910156
729,99.95201975504557,0.3030128479003906
730,99.97475547790528,0.5195693969726562
731,100.02125473022461,0.4839024543762207
732,99.82488098144532,0.3422892093658447
733,99.91269607543946,0.311112642288208
734,99.94251276652018,0.4237537384033203
735,100.03418235778808,0.39493250846862793
736,99.91367276509602,0.2690880298614502
737,99.91313565572104,0.28237271308898926
738,99.97556165059407,0.7113988399505615
739,99.88579661051432,0.3352036476135254
740,99.86954879760742,0.3062317371368408
741,99.91496709187825,0.3659389019012451
742,99.90639521280924,0.4504678249359131
743,99.88465741475423,0.4894740581512451
744,99.84012247721354,0.33985233306884766
745,100.003284962972,0.47489261627197266
746,99.8857192993164,0.4645650386810303
747,100.06654993693034,0.4230377674102783
748,99.97235577901205,0.4416499137878418
749,100.0588321685791,0.3594815731048584
750,99.75912806193034,0.38977861404418945
751,99.92438519795736,0.2891805171966553
752,100.00727259318033,0.5011694431304932
753,99.95224177042643,0.2797973155975342
754,99.91906191507975,0.3822469711303711
755,99.83561757405599,0.5206329822540283
756,99.85414441426595,0.24848222732543945
757,100.0520694732666,0.38133692741394043
758,99.73087463378906,0.37711071968078613
759,99.90603154500326,0.5288584232330322
760,99.91323610941569,0.36205172538757324
761,99.78997790018717,0.37607383728027344
762,99.89695727030436,0.27151966094970703
763,100.18183670043945,0.33251953125
764,99.80296579996745,0.32470226287841797
765,100.00922571818033,0.3008706569671631
766,99.95515480041504,0.4274919033050537
767,99.98674494425455,0.34938931465148926
768,99.90510711669921,0.4328749179840088
769,99.97933565775553,0.5233714580535889
770,99.94604199727377,0.3190765380859375
771,99.88012110392252,0.35256409645080566
772,100.02680842081706,0.37815403938293457
773,99.80180676778157,0.546525239944458
774,99.7922841389974,0.3726084232330322
775,99.80073585510254,0.28058385848999023
776,99.7290756225586,0.46163368225097656
777,99.86511255900065,0.38009142875671387
778,99.86698837280274,0.3987765312194824
779,99.82156244913737,0.32303857803344727
780,99.84904352823894,0.4720640182495117
781,100.02426312764486,0.47916412353515625
782,99.85439643859863,0.42003870010375977
783,100.08760973612468,0.35846638679504395
784,99.86823221842448,0.31836724281311035
785,99.94899775187174,0.4621577262878418
786,99.92390912373861,0.4814636707305908
787,99.81464093526205,0.5729928016662598
788,99.91357447306315,0.35800623893737793
789,99.91293106079101,0.3371591567993164
790,100.01509450276693,0.2781376838684082
791,99.98365186055501,0.4068114757537842
792,99.92769114176433,0.41529035568237305
793,99.96870714823405,0.4387383460998535
794,99.9425121307373,0.6007161140441895
795,100.01455586751302,0.5054235458374023
796,99.85044034322102,0.38883352279663086
797,100.07585792541504,0.36560797691345215
798,99.89656880696614,0.3089640140533447
799,99.7463326772054,0.45077967643737793
800,99.82700958251954,0.4275352954864502
801,99.95019938151042,0.7328722476959229
802,99.9243377685547,0.39810752868652344
803,100.03779538472493,0.40423035621643066
804,99.81427218119303,0.4008758068084717
805,100.00323651631673,0.29758334159851074
806,100.14182777404785,0.2914884090423584
807,99.93891207377116,0.37432098388671875
808,100.08019053141275,0.6286461353302002
809,99.93161799112956,0.5347957611083984
810,99.80640144348145,0.3615875244140625
811,99.98123703002929,0.2685685157775879
812,99.82508036295573,0.5332844257354736
813,100.03669077555338,0.35782885551452637
814,99.895427831014,0.470081090927124
815,100.05613212585449,0.4414494037628174
816,100.03892008463542,0.25111985206604004
817,99.90425580342611,0.27053284645080566
818,99.93338203430176,0.47299909591674805
819,99.78322486877441,0.430556058883667
820,99.91440213521322,0.34415674209594727
821,99.94049110412598,0.28870558738708496
822,99.83666763305663,0.4918968677520752
823,100.0534683227539,0.4325237274169922
824,100.09993400573731,0.4127039909362793
825,99.89564056396485,0.42859673500061035
826,99.75010032653809,0.2600991725921631
827,100.05430056254069,0.2646658420562744
828,99.84906272888183,0.3619656562805176
829,99.78999582926433,0.5304989814758301
830,99.9720292409261,0.3344132900238037
831,99.9533738454183,0.30959582328796387
832,100.01897455851237,0.2385554313659668
833,99.92813936869304,0.3696255683898926
834,99.84059944152833,0.47014307975769043
835,99.97052510579427,0.28130674362182617
836,99.81248423258464,0.5310535430908203
837,99.85578346252441,0.35396432876586914
838,100.20281257629395,0.38538432121276855
839,100.01451225280762,0.3332955837249756
840,99.83195012410482,0.3949754238128662
841,99.82132886250814,0.42453980445861816
842,99.77567698160807,0.31202197074890137
843,99.89638799031576,0.5400736331939697
844,100.0822514851888,0.3440837860107422
845,99.97601407368978,0.3532989025115967
846,99.96730435689291,0.4613680839538574
847,99.94375813802084,0.40125322341918945
848,99.98124122619629,0.3448600769042969
849,99.94447886149088,0.3571298122406006
850,100.05396169026693,0.43485188484191895
851,99.76700960795084,0.41129422187805176
852,99.9218152364095,0.42455315589904785
853,99.87474924723307,0.24424409866333008
854,99.95947176615397,0.2787442207336426
855,99.82742792765299,0.5025308132171631
856,99.84379768371582,0.2363722324371338
857,100.04583257039388,0.44794654846191406
858,100.00367393493653,0.2754404544830322
859,99.81096649169922,0.24103856086730957
860,99.9666748046875,0.37392473220825195
861,99.76454861958821,0.5000185966491699
862,99.77441469828288,0.42616963386535645
863,99.95626576741536,0.40327906608581543
864,99.95536142985026,0.41687870025634766
865,99.9191665649414,0.3817415237426758
866,99.96299413045247,0.3713839054107666
867,100.01222585042318,0.36019444465637207
868,99.95676218668619,0.4776482582092285
869,99.88863983154297,0.4580984115600586
870,100.11795183817546,0.3619649410247803
871,99.94771410624186,0.5783438682556152
872,99.95668512980143,0.4531724452972412
873,99.79867184956869,0.3467221260070801
874,99.89584554036459,0.24665069580078125
875,99.96503257751465,0.3659205436706543
876,99.99584579467773,0.43804049491882324
877,99.88071975708007,0.38758039474487305
878,99.89846725463867,0.4237182140350342
879,99.92948786417644,0.2843499183654785
880,99.9369665781657,0.25861072540283203
881,99.8431760152181,0.44704723358154297
882,99.69186172485351,0.37669992446899414
883,99.90280532836914,0.34567713737487793
884,100.0018819173177,0.31299543380737305
885,99.86564356486002,0.4200923442840576
886,99.96287129720052,0.46462559700012207
887,99.7991776784261,0.34142374992370605
888,100.04591229756673,0.28169703483581543
889,99.94138921101889,0.3734700679779053
890,99.83032760620117,0.2898530960083008
891,99.88542836507162,0.21587920188903809
892,100.02890205383301,0.5653045177459717
893,99.92767321268717,0.3220846652984619
894,100.05952555338541,0.33815598487854004
895,99.96726036071777,0.5245847702026367
896,99.90214665730794,0.22249269485473633
897,99.93039207458496,0.31566333770751953
898,99.92537689208984,0.4678826332092285
899,99.92589327494304,0.38896942138671875
900,99.88296063741048,0.411543607711792
901,100.03685518900554,0.33555126190185547
902,99.91575088500977,0.26031041145324707
903,99.93174476623535,0.3327782154083252
904,99.89160563151042,0.5368809700012207
905,99.9221300760905,0.35942649841308594
906,100.13600374857585,0.6258046627044678
907,99.8553705851237,0.33960604667663574
908,100.05894050598144,0.45063114166259766
909,99.74232610066731,0.2785930633544922
910,100.04052022298177,0.3794219493865967
911,99.73350601196289,0.389681339263916
912,99.7427412668864,0.34904003143310547
913,100.0694418589274,0.6052212715148926
914,99.76778818766276,0.31592512130737305
915,99.95185089111328,0.40387678146362305
916,100.07369372049968,0.40192389488220215
917,99.94249382019044,0.27866339683532715
918,99.77590510050456,0.5435271263122559
919,99.90642013549805,0.34328460693359375
920,99.98221651713054,0.5126247406005859
921,100.07052192687988,0.3892018795013428
922,99.81343739827474,0.3427245616912842
923,99.91213404337564,0.4869387149810791
924,99.82143859863281,0.2757105827331543
925,99.81594797770182,0.3999779224395752
926,99.92647082010905,0.3896462917327881
927,99.88642387390136,0.3317897319793701
928,100.08623479207357,0.3393852710723877
929,99.95770632425943,0.41291141510009766
930,99.92356719970704,0.31177806854248047
931,99.86587460835774,0.29346156120300293
932,100.06229502360026,0.2840409278869629
933,99.82036425272624,0.23524856567382812
934,99.9475217183431,0.49742627143859863
935,100.05195376078288,0.4358484745025635
936,99.769304784139,0.27408623695373535
937,99.8277369181315,0.2320866584777832
938,99.90129203796387,0.22469806671142578
939,100.09218190511068,0.28672027587890625
940,99.8674680074056,0.4569056034088135
941,99.96996752421062,0.5228290557861328
942,99.9752789815267,0.22477936744689941
943,100.01528841654459,0.29831480979919434
944,99.873273340861,0.29889941215515137
945,99.83564516703288,0.2705538272857666
946,100.10971043904622,0.32613325119018555
947,100.06864929199219,0.5252325534820557
948,99.89244906107585,0.4783346652984619
949,100.0092586517334,0.47478389739990234
950,100.11550509134928,0.27494239807128906
951,100.16880315144857,0.38593196868896484
952,100.12742500305175,0.40427470207214355
953,99.79195264180501,0.27265286445617676
954,99.9916535695394,0.3111276626586914
955,99.79002545674642,0.42833566665649414
956,99.99062741597494,0.2988293170928955
957,99.9352367401123,0.47983360290527344
958,99.73302968343098,0.33510684967041016
959,100.12075258890788,0.29593491554260254
960,100.00801633199056,0.3711879253387451
961,99.9275115966797,0.26775050163269043
962,99.8182943979899,0.4452502727508545
963,99.78583374023438,0.42281579971313477
964,99.73721059163411,0.2392106056213379
965,99.93794924418131,0.3440883159637451
966,99.70582237243653,0.23900222778320312
967,99.79936192830404,0.3077843189239502
968,99.80948804219564,0.2398228645324707
969,99.85607020060222,0.6031758785247803
970,99.91232274373372,0.31803345680236816
971,99.90973052978515,0.4146287441253662
972,99.78294728597005,0.31150174140930176
973,99.8005443572998,0.3153975009918213
974,100.01506729125977,0.4267241954803467
975,99.941091410319,0.28122854232788086
976,99.88033765157064,0.37508201599121094
977,99.87587343851725,0.25760936737060547
978,100.19186642964681,0.3747880458831787
979,99.90414454142253,0.28585243225097656
980,99.88526318868001,0.5046279430389404
981,99.98412310282389,0.4002339839935303
982,99.95511105855306,0.23333072662353516
983,99.80750211079915,0.48163914680480957
984,99.70939153035482,0.28500819206237793
985,99.84502830505372,0.4556457996368408
986,99.85574213663737,0.463578462600708
987,99.8848378499349,0.33303141593933105
988,99.87680829366049,0.2395763397216797
989,99.69989585876465,0.2538454532623291
990,99.87700627644857,0.42536354064941406
991,99.85733197530111,0.3480827808380127
992,99.889484278361,0.4048032760620117
993,100.00568809509278,0.22956418991088867
994,99.88304481506347,0.36922645568847656
995,100.19502487182618,0.27350640296936035
996,100.15273984273274,0.24695968627929688
997,99.98702532450358,0.4706094264984131
998,100.02927271525066,0.42705869674682617
999,99.80266342163085,0.23391222953796387
1000,100.11842333475748,0.3375840187072754
